tick,delta_ns
0,300225882.1848866
1,199782613.51884454
2,199465049.54914287
3,201666225.05129918
4,204315625.1965946
5,268585655.3763885
6,197204820.19793308
7,202817988.37805775
8,199945128.1654864
9,200926794.52996883
10,206273337.13164818
11,208706769.28488126
12,203055782.45000485
13,204161818.59800082
14,197564281.36595258
15,205476902.21583414
16,197896695.2646355
17,201898087.15282774
18,203431487.36400205
19,200653620.832119
20,197089773.70605394
21,202325962.12029082
22,204005098.32665643
23,196654890.1291159
24,201241696.24481928
25,205549450.30422178
26,206638694.35327804
27,205844460.10251608
28,203227976.6687278
29,203350832.56626952
30,201894102.30608717
31,207350624.92687008
32,197896575.43213472
33,201900889.08705473
34,203266191.35819247
35,202260488.1684996
36,197753281.64273614
37,201921053.24621183
38,201914736.68893617
39,199114946.28302565
40,200526069.5263458
41,202422420.7773393
42,199598167.38658
43,202239544.02530956
44,206941294.62427402
45,198475545.49643794
46,201069468.76154703
47,205851759.3054676
48,198828248.85971534
49,199160392.5486969
50,202163833.87978908
51,200451025.3331974
52,205461872.72919604
53,201831733.60700035
54,204116758.81934527
55,197263038.93257794
56,194858953.89902747
57,204839467.52833566
58,199757983.96200523
59,197838623.14198327
60,202222668.63498506
61,199173028.82808176
62,195665171.27283707
63,196627063.5405444
64,200460997.059874
65,196054658.6662597
66,197482694.23653206
67,208757383.00395432
68,201416730.31282452
69,203230120.24133813
70,203889545.1102779
71,197269431.21459803
72,195958146.38648394
73,201970359.3668027
74,196597375.817583
75,208037244.15198568
76,207371226.4582131
77,200649627.85590205
78,197807638.64440292
79,201209822.11334535
80,206124201.12529963
81,205761012.3849596
82,205510072.64835542
83,203064112.39275402
84,200669371.42885652
85,200867724.08373094
86,198720696.44923463
87,201613528.22567332
88,197016466.66325775
89,198231693.77536312
90,199389580.26634434
91,203859140.95047182
92,201886156.8427581
93,201277388.93463427
94,198306641.58320323
95,200303091.30436417
96,199377518.60837603
97,198877825.45742172
98,199585729.91599432
99,205925748.23291942
100,202372664.7905468
101,249085613.85937762
102,236592229.65659952
103,243313645.33577448
104,265642425.40464467
105,293567864.057462
106,298625084.2142287
107,329774181.3441902
108,357913673.13520646
109,387464376.1411071
110,389824845.1499175
111,372281891.0251602
112,379130702.65701926
113,482737628.51667136
114,371074360.25470024
115,343878215.6652388
116,405623820.78592765
117,407134430.0226307
118,425013422.49165404
119,501982581.0214811
120,600079856.4333743
121,592088767.0096176
122,620930314.2530223
123,817472604.4268556
124,856418696.5612113
125,916292155.8150569
126,851166270.9466908
127,938822925.8918805
128,913293160.2440536
129,861954112.3845
130,1027295195.4838028
131,1088421411.2881346
132,1111241305.2754357
133,1094371230.5538163
134,1102475509.6715758
135,1138234566.2988253
136,1189988155.251103
137,1311817906.0009274
138,1226736668.6378055
139,1200346999.7804458
140,1324784387.8181992
141,1267883747.8622103
142,1314778315.2440548
143,1482194963.6935709
144,1421374767.7431033
145,1331999667.4101233
146,1408659915.6831155
147,1368769486.735457
148,1422214216.5842645
149,1262899444.0237482
150,1261629423.2066245
151,1355468202.9716582
152,1500831249.740511
153,1555751081.4318469
154,1452235814.7986546
155,1424578640.4716315
156,1436829112.5279992
157,1487368132.0683472
158,1647486217.946535
159,1641100149.7696764
160,1650885518.0074253
161,1875119553.9298942
162,1644065055.7540433
163,1610524835.0168285
164,1757263043.3956137
165,1549489279.655536
166,1869762795.413696
167,1734653327.9186337
168,1633850196.7721598
169,1812436605.5724792
170,1674219616.1756425
171,1578891160.610533
172,1800715137.853275
173,1562588287.9824796
174,1608010958.1089869
175,1578885490.799341
176,1652249607.7549565
177,1725870204.5080528
178,1570546351.1922333
179,1513796253.2288716
180,1542092127.402431
181,1733269554.6915846
182,1609910735.7787378
183,1668726357.530753
184,1596084065.4392834
185,1652125007.410592
186,1648210107.2019913
187,1391261912.9853268
188,1546844076.1490304
189,1507183641.6426759
190,1432469530.985646
191,1550976531.0634687
192,1584524991.4704492
193,1411556821.4955761
194,1440845561.5894606
195,1470920773.7034264
196,1658460653.6234672
197,1573461921.6919334
198,1417859455.5641038
199,1398685356.825081
200,1549508253.3777683
201,1624538634.2626762
202,1518549430.400866
203,1526882484.0705216
204,1665005083.0572145
205,1563204148.453132
206,1548297408.028474
207,1600747585.0355349
208,1578622513.5549812
209,1567402321.2119546
210,1663861911.549781
211,1632583979.7790053
212,1658236714.8897336
213,1529241386.4303114
214,1498822121.3283405
215,1503691294.9648843
216,1511440037.5510106
217,1548197895.4774837
218,1558974811.6335118
219,1514170765.5820446
220,1651963412.7026486
221,1759076762.010116
222,1672402033.8970237
223,1784124733.6844988
224,1712768882.2991667
225,1726666732.0066726
226,1834664705.2567208
227,1740553296.1054902
228,1575359706.741291
229,1558994387.8787277
230,1633740191.6599276
231,1642045408.4470265
232,1519782297.3941844
233,1515040021.750535
234,1526826360.2242393
235,1461319530.323645
236,1539282910.767062
237,1517110411.4751887
238,1548405512.318428
239,1497552957.7888255
240,1544913312.8405864
241,1539044541.631446
242,1720674600.227353
243,1634540045.1062298
244,1557415946.3945806
245,1640530330.9484727
246,1615553760.5387464
247,1507969119.6219525
248,1639104685.7697842
249,1580577092.1620522
250,1617860239.1681592
251,1551792399.4624789
252,1626799251.0972595
253,1601261916.827794
254,1574324224.8533103
255,1609870278.3774924
256,1669520080.9836235
257,1660208646.5544252
258,1620681819.4897883
259,1638887980.9310012
260,1652350607.0426188
261,1503919078.3821146
262,1575667482.860868
263,1583333623.565169
264,1502400905.513512
265,1581054787.971447
266,1680287803.7070518
267,1485763560.6659207
268,1441928986.483237
269,1443037457.2244408
270,1570035612.0745523
271,1605091995.8118105
272,1718903120.914531
273,1802223879.3388128
274,1804279414.22112
275,1919978603.3232388
276,1788210577.9494858
277,1836225434.2329957
278,1812644948.5790668
279,1795180774.403924
280,1873502519.866936
281,1756274520.4724936
282,1836461175.989793
283,1735947681.4816236
284,1740499525.5265388
285,1776340180.7527146
286,1634754022.758789
287,1724249506.3474076
288,1781423531.343555
289,1862785689.4472136
290,1771581946.280668
291,1835120241.715793
292,1721967542.7332697
293,1689690715.8906121
294,1782427313.3480859
295,1794200548.8437996
296,1770455948.5980499
297,1850605146.5937612
298,1681387419.9289846
299,1794437542.7405586
300,1596967651.7148218
301,1706833024.649294
302,1761569774.9341803
303,1675632845.0712166
304,1512940486.3824403
305,1568608297.6646543
306,1533921541.469431
307,1711641125.8413243
308,1509786198.1047947
309,1356048549.3894572
310,1419529446.94764
311,1348246881.2597384
312,1424273287.2217445
313,1273680828.8326864
314,1290193954.2568233
315,1427679337.014456
316,1287820468.2984037
317,1322787227.8818192
318,1338028696.5518138
319,1275267967.5259743
320,1419315509.8161073
321,1434735001.325927
322,1417660218.1040595
323,1287259800.586348
324,1514018345.1996803
325,1298905622.9684901
326,1275744410.7043567
327,1303945259.8012412
328,1388463468.3691163
329,1344520168.0216975
330,1377585882.2262802
331,1372720938.5815418
332,1345929404.2804003
333,1367821025.4522796
334,1485625356.238645
335,1556013805.6753669
336,1485531228.8814166
337,1491287026.7435606
338,1513687454.7158222
339,1410438151.6787236
340,1367562270.8136518
341,1386264860.9177551
342,1428713329.1885705
343,1424166463.9342656
344,1321949209.8377402
345,1500281608.2648175
346,1541049316.2534204
347,1538517429.711574
348,1689508599.2775452
349,1522914133.9058104
350,1532378880.1949842
351,1443903416.5206964
352,1525941346.7856443
353,1590765415.6860163
354,1590879326.5053258
355,1536105637.2909899
356,1566052414.689124
357,1573466823.758761
358,1654767874.707095
359,1675602123.0755832
360,1719825597.9998467
361,1755239011.8700733
362,1535585533.0071123
363,1715286431.6695855
364,1736706972.4618182
365,1746779567.5441399
366,1858459435.8851562
367,1891178349.7138848
368,1799143672.3763838
369,1786027161.638479
370,1743540260.694343
371,1672982130.8125799
372,1661590760.9782624
373,1768019751.2432263
374,1736526262.9420347
375,1784663193.9192703
376,1861761387.2559295
377,1711355379.3917696
378,1913079886.255778
379,1830610231.4971752
380,2034047334.1753967
381,1938938882.952301
382,1987487848.7450533
383,2012240562.564085
384,1894183232.2051039
385,1956501703.6560585
386,1986485886.017493
387,1913169352.9328492
388,1951822156.7196064
389,2054906286.9770896
390,1915502481.492398
391,2008664848.7640057
392,2064597911.4185064
393,2119973256.0687861
394,2124487743.8259082
395,2030919026.2501879
396,2066390146.649186
397,2141800291.969073
398,2245544769.345999
399,2101256851.378804
400,2273434793.2774296
401,2285084857.8489184
402,2239021797.843186
403,2252341897.4823904
404,2238563036.3171916
405,2152645483.721903
406,2165293502.5385327
407,2335398444.134088
408,2280347503.1887302
409,2397815908.4601717
410,2396964461.507218
411,2277016562.8932962
412,2542478578.035398
413,2432683485.1259027
414,2478588746.4662333
415,2518175681.057389
416,2348298094.039268
417,2395591241.470805
418,2290737965.4444895
419,2209162225.4995904
420,2239365031.9029493
421,2238273821.4665365
422,2386568250.8858104
423,2310098726.4263616
424,2185571815.5850024
425,2142106823.913939
426,2135221420.7446613
427,2057949847.835069
428,1985015630.4486086
429,2146076070.962617
430,2041272047.5706599
431,2019564605.3736446
432,2104765393.285171
433,2089200593.9873693
434,1963525843.1140473
435,1993619664.5929146
436,2118896544.3290684
437,2124957317.4402153
438,2067605390.6982143
439,1847124365.3398848
440,2099794292.3575017
441,2087649146.8799982
442,2118751450.4637702
443,1926377638.9927838
444,2017356171.328772
445,1917034412.7292147
446,1977523722.375125
447,1829233172.2092738
448,1871872022.8197033
449,1917232634.46797
450,1928494914.5384808
451,1962577720.2963693
452,1907999653.0854197
453,1932054440.2273672
454,1803357735.1036227
455,1827273169.54912
456,1725510222.159673
457,1659079933.029689
458,1668507520.0176845
459,1656323400.346186
460,1626525692.9243226
461,1700063225.3047953
462,1539055753.1302147
463,1675585818.6566432
464,1596343660.995781
465,1519577013.9253635
466,1703591258.6090553
467,1625054169.7115757
468,1552479416.8565176
469,1661726794.3127787
470,1692993623.9457016
471,1564618036.2693624
472,1616226121.2889645
473,1537200651.8559911
474,1640791786.564632
475,1590989110.7513134
476,1633240836.0473495
477,1600980603.616125
478,1685734108.4192882
479,1630797586.3119307
480,1587051967.44372
481,1784836995.5791368
482,1628351897.8995497
483,1759366894.6591892
484,1615214114.5206437
485,1654313868.3007655
486,1596902619.6002765
487,1712752509.650223
488,1688336871.129786
489,1701465404.5554974
490,1733663490.1042938
491,1676953855.8622825
492,1683152698.7692955
493,1707617279.3678167
494,1722763488.7272139
495,1613032702.5455046
496,1860030226.3959076
497,1691365894.7431915
498,1741740530.0477586
499,1596608765.541732
500,1693052261.110785
501,1706744328.4789042
502,1772137992.1860366
503,1714327435.6843007
504,1849381104.6164737
505,1809771465.57695
506,1809840340.6732957
507,1810114393.772226
508,1865115537.7013671
509,1759475410.9751232
510,1734173930.9060383
511,1792170351.5818143
512,1859398517.5755746
513,1867539835.648988
514,1882343077.0856683
515,1742413275.630093
516,1711574454.7474859
517,1826158269.1700962
518,1797955155.3743906
519,1850078891.2806442
520,1786840551.118975
521,1866874082.9982736
522,1764824610.836564
523,1706220672.8957787
524,1787809240.8583345
525,1809923413.0316164
526,1603985395.0636876
527,1666460876.5148559
528,1575641616.2807567
529,1710787423.7998762
530,1586712861.9158952
531,1597130858.8661184
532,1774783483.8643324
533,1730775841.0435903
534,1673478541.0347764
535,1725877488.1422353
536,1627887292.7965972
537,1597988741.1175082
538,1556193417.2276733
539,1514310095.098577
540,1513597832.308782
541,1616617335.154995
542,1413721466.276662
543,1524342691.1954834
544,1485354589.1620653
545,1527673824.069671
546,1558540398.1520858
547,1611246655.0357277
548,1578855683.2253494
549,1493286038.9221969
550,1435150705.1154184
551,1514668020.9122882
552,1623344440.9067154
553,1569380778.3413835
554,1652804005.9180784
555,1541694321.1579058
556,1492896628.6690397
557,1524566947.837594
558,1528829271.1128135
559,1653646264.4394732
560,1596783157.326693
561,1730857265.0727959
562,1663914036.6571465
563,1691957275.3235493
564,1634101708.0757284
565,1587806988.9972858
566,1743427582.9709451
567,1580410899.3168845
568,1555371423.7349083
569,1506508505.4889808
570,1447469349.9486392
571,1433290671.7759721
572,1423333674.884978
573,1463630360.9596813
574,1626307471.8999946
575,1558500365.0040963
576,1552586879.215758
577,1498279442.1384258
578,1511451117.363752
579,1366884126.242247
580,1396446672.6343112
581,1448898405.629123
582,1374438833.5862093
583,1460268307.3843985
584,1431308542.9423676
585,1408973040.723684
586,1442559641.336725
587,1425820362.7072055
588,1480956678.3601627
589,1426198155.181687
590,1483037507.9555793
591,1452689286.8190818
592,1368120991.4925013
593,1497393045.111591
594,1565567926.8717196
595,1411213685.8052785
596,1538517607.408051
597,1492836516.74891
598,1349053091.9833024
599,1512326070.3378582
600,1520333791.2084713
601,1554052002.8542423
602,1412450384.1624467
603,1452462249.182781
604,1443307285.6951237
605,1241300280.6666472
606,1357810648.4780111
607,1365704039.766037
608,1249197775.9144442
609,1281685865.8088775
610,1380117526.154341
611,1380853153.6830616
612,1426181851.0493598
613,1455845644.844582
614,1478499132.8859248
615,1461045253.842014
616,1568170636.8589478
617,1501145466.9856038
618,1560720093.763993
619,1599908531.1592317
620,1649946611.5189095
621,1605562767.7067173
622,1663419712.0178657
623,1722678080.7430696
624,1784486832.7300887
625,1753816275.3768044
626,1771110547.5269134
627,1644758582.7414434
628,1609926420.369379
629,1699671170.9187934
630,1722556690.7175958
631,1683251631.7417583
632,1578857124.9215262
633,1575014080.4039626
634,1506688346.1668625
635,1577264432.721204
636,1589706982.303518
637,1514449981.921768
638,1511319881.2608323
639,1534104022.4410617
640,1585501530.7599618
641,1694481787.0816255
642,1459508127.0694041
643,1637353817.518299
644,1712207541.3687415
645,1717452975.5212402
646,1652083709.0604293
647,1649969012.8705332
648,1605100012.949998
649,1549447606.6551495
650,1608079893.067845
651,1516986595.0953157
652,1521442472.5636837
653,1439742758.0049407
654,1457393679.1143982
655,1556665077.8225555
656,1697551637.8746486
657,1662706060.684836
658,1605360900.4675837
659,1659334184.5240176
660,1677496582.5753193
661,1692899422.525393
662,1634859039.7033906
663,1742782698.7604747
664,1923051733.0891418
665,1740634423.8099017
666,1799850657.0696604
667,1854756414.5864022
668,1831854124.3024325
669,1832341073.929757
670,1841647063.2765832
671,1856737677.7231362
672,1773403472.3984423
673,1802865339.2484412
674,1863829915.1259468
675,1751888424.7758162
676,1787454608.7812953
677,1736033219.8367724
678,1816080255.5560124
679,1669101783.8428662
680,1739510940.0622654
681,1706096395.548556
682,1755218312.1233418
683,1680637320.6062105
684,1721354967.7443025
685,1725666211.294068
686,1659437355.3569674
687,1756450004.814916
688,1818206388.8982742
689,1919936622.133275
690,1941862045.7655904
691,1703562564.9314687
692,1771886523.8016782
693,1668641195.3209112
694,1770987763.2545397
695,1799954338.3025897
696,1754959966.2163472
697,1846020733.5412614
698,1635627471.6987336
699,1782707857.5676897
700,1597314646.286004
701,1680393205.2987673
702,1733104822.2433965
703,1642646551.4803312
704,1701241107.659327
705,1635669454.4513829
706,1757757984.4489372
707,1710121319.3960598
708,1623744971.0847616
709,1707548657.5734174
710,1768075330.4691763
711,1645730456.6424658
712,1759188093.1084201
713,1678027737.4239283
714,1647932786.3242176
715,1559040617.78593
716,1599520033.97308
717,1608412601.2977622
718,1557178758.0233953
719,1652395310.7446632
720,1616445291.9475098
721,1645214581.8905923
722,1765710143.016753
723,1698377653.2629313
724,1515463255.681875
725,1552355894.1405323
726,1646965991.8642824
727,1621428453.2646828
728,1740404925.5202184
729,1615927865.2201407
730,1603870478.6397302
731,1716600418.2487838
732,1625993721.2260284
733,1595429621.7714653
734,1604246927.281044
735,1612027086.5937462
736,1655001399.6949966
737,1603420733.4135516
738,1527170148.5115383
739,1554218877.9057212
740,1543996250.6629574
741,1616355609.4916236
742,1606615673.5822833
743,1532604585.711245
744,1617156373.8971019
745,1594885934.7467883
746,1568424171.09439
747,1533327106.7773008
748,1752738125.9683375
749,1682927301.4688811
750,1728981008.2653427
751,1693361771.9051867
752,1732534539.5147853
753,1700945718.531163
754,1551469623.723158
755,1648904544.7104547
756,1461156093.3545678
757,1600042201.39601
758,1668872061.9004855
759,1808611203.9407437
760,1587748126.3373652
761,1735103141.85006
762,1737382817.938954
763,1669895637.6521463
764,1671842609.188704
765,1756490115.6119297
766,1756252348.4068956
767,1978262860.600615
768,1719580595.3702695
769,1701146800.954122
770,1762237844.142586
771,1748294582.9926908
772,1695722289.6962757
773,1618870940.2250893
774,1844795947.4695325
775,1754280956.814309
776,1658032155.357343
777,1770874075.0381415
778,1615600340.3795588
779,1614204145.2101667
780,1828841537.582751
781,1815597973.7751613
782,1710244574.5009484
783,1704382594.3906386
784,1630224905.1639214
785,1644480229.9449136
786,1692297059.1500235
787,1811262250.4415944
788,1679521764.901498
789,1833584423.6857154
790,1666557997.836261
791,1694038583.1294494
792,1694570587.8111
793,1743895765.6292875
794,1737069189.468123
795,1850562029.8861296
796,1771242715.3330007
797,1924038063.3602593
798,2014591136.1902583
799,1927609504.3556242
800,2071640132.199744
801,2059597671.3932483
802,1882612174.2549458
803,2081176384.1473389
804,1907829276.252611
805,2166208590.810138
806,2030311785.0771146
807,1925559034.7087374
808,1930778508.810743
809,2053458783.7636864
810,2081608413.4018574
811,2182857573.675389
812,2087112210.365386
813,2216988705.789936
814,1980674918.2106614
815,2085293797.7953367
816,2127864423.7598908
817,2250865591.947095
818,2194098932.0663714
819,2244760283.394917
820,2270125872.6398554
821,2175067126.2807627
822,2426092721.971317
823,2289848831.639349
824,2384967366.3243203
825,2244342740.870756
826,2189595346.236946
827,2089040142.2662604
828,1961974220.624769
829,2112793997.3679545
830,1986646763.031327
831,2112832907.7793415
832,2144338816.9360602
833,1992102756.7961328
834,2032681625.1487825
835,1875672262.2956471
836,1826637348.2510724
837,1871258641.5003366
838,1898010723.5867984
839,1881863957.0969565
840,1875260495.8585823
841,1773819640.7767413
842,1763183302.0799532
843,1644799655.378438
844,1683131044.0002997
845,1803406199.8427563
846,1740184568.957506
847,1584332108.8570566
848,1735410787.4935439
849,1573660516.0501707
850,1646806017.0190122
851,1641232273.1976845
852,1702551032.6240385
853,1724539543.145047
854,1651798962.0157075
855,1560526719.0693078
856,1462332285.8119864
857,1457192942.9212224
858,1387585671.3978417
859,1427142420.6944659
860,1479657338.6037645
861,1521399504.2520847
862,1476040793.5381534
863,1465763670.637198
864,1459123995.7155037
865,1518239190.3379052
866,1500672144.535696
867,1508108634.4037
868,1439288908.7294185
869,1455018278.5585957
870,1354851315.0140402
871,1469003160.0875826
872,1380264726.9763715
873,1335571210.2947075
874,1499209902.6968765
875,1428319835.2498693
876,1639004477.4672787
877,1481657001.1284077
878,1538691264.5998645
879,1558240206.01124
880,1367342707.2986422
881,1624771512.7821302
882,1505507040.5919728
883,1398379101.0666738
884,1434200672.9892166
885,1421805614.128115
886,1602799542.3092442
887,1448547111.6215281
888,1480853769.4473767
889,1440086687.9644456
890,1425939700.2747867
891,1482047894.4016554
892,1434545969.1779187
893,1441600284.0718389
894,1412457528.884878
895,1348937537.9670367
896,1267363129.9078734
897,1477938638.4195075
898,1543464643.3792117
899,1462798447.1230688
900,1499521571.1232302
901,1637705328.648025
902,1492303077.2379735
903,1538329488.402289
904,1293877367.0900764
905,1379639836.3933465
906,1399778226.6887183
907,1567898319.2783427
908,1613145008.8482711
909,1504071532.243853
910,1512991054.5331728
911,1329832979.9598045
912,1456531746.6951
913,1531890565.8912723
914,1605054680.4838347
915,1504923769.8748703
916,1519590161.9587433
917,1566098291.6337957
918,1661875513.859974
919,1666811269.0099728
920,1462009415.9108207
921,1548603095.7758863
922,1620678468.5282502
923,1734461804.9364767
924,1518641557.4652028
925,1582605237.9001164
926,1622514309.796144
927,1645923499.479586
928,1667591121.7767541
929,1719677008.2510412
930,1642186429.947866
931,1806293544.722564
932,1724933130.0485811
933,1574949912.4794123
934,1569390292.8138468
935,1529072443.6612906
936,1530739607.825468
937,1604279691.711031
938,1595607293.0952196
939,1556016435.8124068
940,1494213109.7500284
941,1504221771.8717213
942,1492482701.5862663
943,1419227950.090284
944,1512158911.3149946
945,1461679917.7423403
946,1351287341.9944084
947,1358486726.3959813
948,1314549345.0414512
949,1322906777.3190212
950,1384648466.589691
951,1340356649.4075928
952,1361561308.438208
953,1544090574.476707
954,1547242899.770225
955,1420564440.1514177
956,1600733721.0079224
957,1662628071.017799
958,1689643414.6944337
959,1658045588.1884742
960,1549587244.5786026
961,1501447991.4399836
962,1520635820.9849684
963,1536272159.522835
964,1654602297.5854313
965,1590939324.835623
966,1681554953.2087593
967,1606273338.3739307
968,1564262498.1125777
969,1493633791.0419643
970,1718386988.1669574
971,1717241847.7534635
972,1599281839.0091665
973,1542622489.000029
974,1643836133.3884869
975,1569962243.5721157
976,1611531699.6561236
977,1597216848.5825486
978,1507446967.2211704
979,1569278890.8550801
980,1534572936.6473105
981,1578686626.0534308
982,1633506016.0743854
983,1619209462.5717857
984,1598492347.7444403
985,1787985769.1845946
986,1648754659.4566996
987,1635277410.5774844
988,1666163669.401146
989,1848500870.221012
990,1671175536.8141472
991,1664387458.834703
992,1652456046.976723
993,1643629697.259521
994,1660474738.1263733
995,1872983504.7134135
996,1557935819.4192357
997,1616324751.2829766
998,1702486556.0134017
999,1571389628.4899387
1000,1776982974.369379
1001,1534090727.8029127
1002,1708376351.6430604
1003,1666696757.6442025
1004,1599637752.2981808
1005,1571812202.4308748
1006,1583513763.4641576
1007,1694265774.0758018
1008,1594223114.640456
1009,1634436723.7400486
1010,1694065828.2356572
1011,1610121336.5969405
1012,1755908546.4286125
1013,1551486742.198651
1014,1521798791.546795
1015,1504462993.098294
1016,1580687387.66708
1017,1570692507.816269
1018,1632606543.6939566
1019,1599235093.0242736
1020,1573774135.0562277
1021,1659274796.2387657
1022,1599142694.643221
1023,1656392991.237082
1024,1731387309.6156008
1025,1682118054.4368033
1026,1569829991.6456268
1027,1743469519.2511604
1028,1757186505.4612494
1029,1777911663.155585
1030,1760066495.4905915
1031,1811725120.6831694
1032,1741014861.248374
1033,1751967299.0193036
1034,1815686017.8920689
1035,1671928998.499551
1036,1767469972.5910287
1037,1688339691.0473452
1038,1716978892.1421185
1039,1724350660.7360675
1040,1666107902.3663445
1041,1665203499.6877139
1042,1779681212.0828521
1043,1725519220.614076
1044,1644217866.7685552
1045,1674282342.9508705
1046,1623425487.5558596
1047,1709220515.8041315
1048,1695210155.9077883
1049,1861715016.4993985
1050,1823138261.2819092
1051,1905325061.8835864
1052,1931182151.1895165
1053,1768171665.240486
1054,1888025358.0243092
1055,1916653974.724361
1056,1872275229.2255783
1057,1834565472.1739593
1058,1975189395.8339107
1059,1905940326.9077892
1060,1725956147.7070205
1061,1969081055.5121882
1062,1882206129.5894756
1063,1949970787.4847806
1064,1880589366.8687313
1065,1885423133.5996838
1066,2009987692.8672643
1067,1995826257.7374237
1068,2077844366.0497966
1069,2158052204.4666486
1070,2085693485.3520913
1071,2004848667.6974568
1072,2046508698.372463
1073,1741848636.1766727
1074,1886789900.245771
1075,1968274646.5918274
1076,1944341750.7576873
1077,1919450018.9489048
1078,1746720159.6967013
1079,1767804663.8169441
1080,1852678727.5370002
1081,1872646930.624807
1082,1888863098.4606767
1083,1881082135.4084864
1084,1823725632.9004083
1085,2058760144.4467757
1086,2108677384.94279
1087,2153022247.412928
1088,2072936273.9149964
1089,2075180034.524665
1090,1929529957.5722442
1091,2096962474.8275156
1092,1879829528.6238384
1093,1797192185.972666
1094,1745005130.382289
1095,1701944362.1622772
1096,1786115076.2791677
1097,1514623141.4959412
1098,1713100812.751059
1099,1574441399.0705185
1100,1835863033.3739614
1101,1726725229.6670432
1102,1683660886.8984544
1103,1813033915.0920556
1104,1733903301.615308
1105,1629047314.3771977
1106,1845775211.057336
1107,1864440471.7347543
1108,1712621949.5019653
1109,1818031550.6053276
1110,1975205036.8683805
1111,1915711602.6298037
1112,2079221777.9291453
1113,1999281654.3125656
1114,2042468373.9823523
1115,2134662232.9992168
1116,1970707247.6118762
1117,2184134920.450489
1118,1987200247.9122036
1119,2000121239.3529165
1120,2090976993.2848663
1121,2165163635.383188
1122,2151139082.4346695
1123,2247770931.2580338
1124,2267874934.0396514
1125,2185124816.2651525
1126,2204741341.2634125
1127,2374265353.09491
1128,2155632974.3649364
1129,2176278299.2061887
1130,2216255387.6325727
1131,2071810416.099836
1132,2090544943.8846488
1133,2139307818.8022902
1134,2072864558.9991047
1135,2022392228.7498405
1136,1766011726.9979594
1137,1905329369.574997
1138,1978824668.3949664
1139,1907883250.9349122
1140,1781760733.5469124
1141,1798989017.0884824
1142,1865973313.144576
1143,1925258652.667731
1144,1888488729.701856
1145,1954070169.014506
1146,1807693262.9489431
1147,1837046339.8525383
1148,1850202133.988805
1149,1784783234.5490687
1150,1805114613.7870708
1151,1901569037.24887
1152,1768188752.805828
1153,1840393359.5333529
1154,1721147812.1904442
1155,1721131691.7936447
1156,1886771921.3897042
1157,1885149745.561811
1158,1687037238.4619927
1159,1673783251.6038733
1160,1834657074.8269558
1161,1619172113.0719645
1162,1582839644.1029181
1163,1511181653.1228335
1164,1547419677.269189
1165,1498261407.6785204
1166,1418173175.8935647
1167,1561609525.3061745
1168,1566685676.2276578
1169,1552410112.9070191
1170,1586226190.3380923
1171,1552988335.8199878
1172,1567640771.801263
1173,1600078826.4859438
1174,1530288152.839676
1175,1434298274.7892597
1176,1512475069.8562427
1177,1423025796.6830654
1178,1448658658.698955
1179,1418587433.4540153
1180,1362306646.572905
1181,1392427227.516639
1182,1613484022.533662
1183,1414390189.3718379
1184,1613153848.383741
1185,1559344950.7153392
1186,1592803273.678915
1187,1525494703.4702952
1188,1454233640.9967887
1189,1400440776.9988964
1190,1479342227.834639
1191,1611440419.7707357
1192,1569637883.8752599
1193,1593082338.1095583
1194,1568060338.3767753
1195,1501750537.8839228
1196,1633790513.6266959
1197,1628390462.0426166
1198,1652330497.46953
1199,1572345563.9475486
1200,1748707146.6097531
1201,1750664759.1490552
1202,1947913008.030042
1203,1829462787.8267534
1204,1707696954.3215775
1205,1862065944.9289014
1206,1780393094.7329078
1207,1848713445.9852073
1208,1806884058.2003794
1209,1742392505.600627
1210,1885821608.7373507
1211,1787123930.634302
1212,1837536037.6796486
1213,1827569351.3545558
1214,1665865533.7280092
1215,1657277021.820925
1216,1782473625.0198946
1217,1692201220.2557416
1218,1826473231.4524322
1219,1930605155.8779056
1220,1728634603.474626
1221,1783028661.203105
1222,1661397620.2338092
1223,1797706312.415259
1224,1910580788.3237548
1225,1907614529.8250582
1226,1921245553.0610638
1227,2146752551.5881822
1228,2074889054.5641737
1229,2011381446.8802783
1230,2000644484.7600973
1231,2056179032.3758054
1232,2087948443.8413405
1233,1935219898.0238736
1234,1969892278.2763944
1235,1927617606.0642266
1236,2113528843.9799254
1237,1947543823.9550295
1238,1955425045.9592009
1239,1910874766.4863462
1240,1854805128.6513488
1241,1847890693.1752882
1242,1923411136.8463194
1243,1848442673.2552283
1244,1783915895.8088536
1245,1764000201.6419213
1246,1678943444.3219886
1247,1679797400.9530923
1248,1679938039.7597756
1249,1690879794.1653564
1250,1778778398.8494911
1251,1824395584.9361818
1252,1691488152.3149743
1253,1753385110.2737298
1254,1564416578.4534574
1255,1752638375.8530908
1256,1712594151.2366312
1257,1859219143.3785386
1258,1859582542.4764893
1259,1906415685.4101255
1260,1792671835.2351649
1261,1812183584.340573
1262,1891624560.3117845
1263,1799905784.069775
1264,1804905900.3492694
1265,1876094389.1569214
1266,1854050218.744341
1267,1744303062.1892698
1268,1878826020.1938014
1269,1962620937.0977585
1270,1957746585.7515533
1271,1932989942.4567623
1272,1898094686.3667047
1273,1766200890.0367837
1274,1835494742.61998
1275,1734677736.394112
1276,1842426434.2792482
1277,1947985854.8180423
1278,1810097909.7262495
1279,1931051789.9236557
1280,1811442406.3140562
1281,1834421598.75901
1282,1662674539.7525036
1283,1750415275.9809203
1284,1829012152.9313333
1285,2028090456.6250556
1286,1717001256.6567967
1287,1769941062.757412
1288,1651296993.957357
1289,1683535622.0077116
1290,1603388983.2059276
1291,1745399760.5091882
1292,1784134495.1862562
1293,1853299661.1850812
1294,1722797428.7509089
1295,1753436068.790478
1296,1762863794.5751998
1297,1638521546.554861
1298,1672431931.184676
1299,1770115344.2503448
1300,1714871326.8688366
1301,1634219565.5144012
1302,1626797869.2920034
1303,1810843981.397601
1304,1718513849.1852498
1305,1573345948.6193433
1306,1648162008.324904
1307,1734848437.7486906
1308,1696414268.1157436
1309,1558063028.1233745
1310,1771931319.8276591
1311,1710882665.4541206
1312,1695592240.6529546
1313,1602571760.1512456
1314,1542546642.3363538
1315,1587738888.3524053
1316,1615500778.3540072
1317,1666966344.0988019
1318,1526893225.3893087
1319,1583755310.5491402
1320,1605642881.1274724
1321,1575361236.599395
1322,1563310514.783688
1323,1474780889.3731573
1324,1494831994.7684717
1325,1477805133.8640459
1326,1450468842.501264
1327,1539289880.4318392
1328,1394791517.535266
1329,1439554038.5363166
1330,1416191175.4655485
1331,1487094172.689868
1332,1433000289.5433385
1333,1385032483.3848457
1334,1338314732.1324072
1335,1344257855.995193
1336,1489080353.7387652
1337,1306283173.9717536
1338,1431242401.5903728
1339,1463640862.2528167
1340,1405764095.1365378
1341,1460320121.7719538
1342,1581306964.3517272
1343,1462741973.2117946
1344,1371212559.4955688
1345,1325986350.9351168
1346,1427642452.8077621
1347,1401919893.668156
1348,1466849561.4278555
1349,1416073779.6131566
1350,1402886435.9798527
1351,1515770689.4416773
1352,1364970061.9143052
1353,1500272331.1980362
1354,1376248660.3536313
1355,1460047511.871268
1356,1307340016.1786754
1357,1441376895.8152182
1358,1454702184.334661
1359,1333779994.1056945
1360,1340903717.1767302
1361,1235387100.7881422
1362,1362614431.1337845
1363,1303878954.706438
1364,1201321417.773545
1365,1291921541.6946309
1366,1311453911.4293113
1367,1378753037.266932
1368,1245823922.1342487
1369,1292038810.0287864
1370,1353923132.2899554
1371,1425426879.5092716
1372,1514353286.0282269
1373,1598318752.6246457
1374,1464679456.6673567
1375,1586376337.099207
1376,1526053779.9055572
1377,1504239697.7165275
1378,1624886902.0211098
1379,1686808598.9568763
1380,1615616746.3720703
1381,1467453781.189852
1382,1517728349.669291
1383,1514672812.0366235
1384,1511874792.0710037
1385,1521988315.1383545
1386,1557225358.508347
1387,1413301391.37587
1388,1563972269.6822898
1389,1444902070.1758666
1390,1553148645.2547743
1391,1503128368.907719
1392,1409142282.596251
1393,1428823167.2306592
1394,1422934351.5822446
1395,1445919459.6818845
1396,1529267691.4488895
1397,1433715234.7580285
1398,1555290712.364024
1399,1515574717.861765
1400,1657461613.9739318
1401,1540824693.0090618
1402,1628923325.1422894
1403,1697944566.0155468
1404,1604813086.3160148
1405,1514386443.7871478
1406,1691291959.494641
1407,1600756831.6484535
1408,1483660228.5391662
1409,1455418796.4650548
1410,1576877655.063457
1411,1609540272.1767244
1412,1639593676.2417612
1413,1520082886.5298738
1414,1478181122.9367895
1415,1670402005.7569966
1416,1527417584.1894727
1417,1578356624.8213475
1418,1588583208.8151307
1419,1622990639.163577
1420,1674558156.0868447
1421,1716311754.972068
1422,1540218072.252612
1423,1619980522.971478
1424,1727007939.5763319
1425,1588740512.076891
1426,1700989099.239397
1427,1624493651.2896647
1428,1743099067.6583345
1429,1660723726.9292057
1430,1820508253.0667675
1431,1868217213.7008238
1432,1938170208.9240434
1433,1690489229.6672719
1434,1865978139.1927743
1435,1926986713.2826457
1436,2086419582.5317323
1437,2213629800.6795883
1438,2306113859.789715
1439,2225202871.1222095
1440,2137661547.2233887
1441,2129082662.197507
1442,2153114992.447249
1443,2039567522.2073748
1444,2125686353.9414346
1445,2056959540.2831655
1446,2146663840.4969668
1447,2167858629.503708
1448,1861225793.1704366
1449,1956622897.516526
1450,1897721804.855046
1451,1899933472.4309192
1452,2149770860.790711
1453,2032612899.1806638
1454,1971523287.1148899
1455,1920718051.57349
1456,1986381601.43219
1457,1818311546.150357
1458,1852847690.3322105
1459,1862318527.2122962
1460,1768851857.4009295
1461,1788508209.965757
1462,1848130556.8953311
1463,1794364816.9500642
1464,1630960174.0120504
1465,1657650877.8887599
1466,1706465532.7166395
1467,1642817261.216997
1468,1758844458.237931
1469,1763757134.9291565
1470,1706172836.8599086
1471,1730740084.6561728
1472,1660101793.243814
1473,1788215950.8217726
1474,1645501118.4051616
1475,1677745160.7295442
1476,1661428687.923369
1477,1770075592.1044092
1478,1690113704.4124818
1479,1812703326.3855717
1480,1716404232.3549063
1481,1669427971.69229
1482,1851767037.5988016
1483,1850793261.148104
1484,1726487887.7301362
1485,1877881124.1922398
1486,1907425484.8007507
1487,1893514989.1116664
1488,1668338230.6658573
1489,1905992759.596239
1490,1795075294.0941288
1491,1653095649.4793873
1492,1780268235.7449436
1493,1659838132.9946067
1494,1556131956.39931
1495,1609598706.99889
1496,1524403046.0343432
1497,1578018415.3859434
1498,1534817234.667429
1499,1443285223.1615312
1500,1441604246.4339793
1501,1534328543.8843195
1502,1522328096.4021657
1503,1428350133.3571784
1504,1440273309.232211
1505,1249205050.304956
1506,1399993817.3211203
1507,1433792105.5523674
1508,1259363212.8027081
1509,1429720360.0749528
1510,1347225132.1599798
1511,1418006055.546574
1512,1353369454.2724817
1513,1412442974.609245
1514,1439057995.199601
1515,1469410104.6924722
1516,1423987359.2648222
1517,1259145071.031795
1518,1388922862.486247
1519,1421443893.354197
1520,1342861550.288891
1521,1326988485.9694316
1522,1330190456.6740196
1523,1230604674.8553095
1524,1249541336.5839455
1525,1232216380.0418668
1526,1146268573.1237557
1527,1262343195.7154863
1528,1201867667.6802225
1529,1336217168.7400959
1530,1250675749.9287908
1531,1280378061.4809449
1532,1322221161.4579835
1533,1272742171.1755018
1534,1279645894.935803
1535,1256888002.402348
1536,1090878705.6921504
1537,1257481999.3095336
1538,1197692267.9104607
1539,1201434225.668954
1540,1127264463.4266467
1541,1200592006.1297512
1542,1135563023.8014667
1543,1178033885.9793377
1544,1215241562.0949256
1545,1177556645.5888023
1546,1268247849.9877224
1547,1199719685.1375978
1548,1234581911.6426668
1549,1284135497.3357599
1550,1283757903.385419
1551,1192444553.4610586
1552,1214671362.3748622
1553,1122576332.0716357
1554,1087218357.8493564
1555,1117263564.6046128
1556,1055880729.9835529
1557,1036502113.5132569
1558,937254355.4300838
1559,1090335221.9917393
1560,1014562555.7093636
1561,1071101192.4135829
1562,1113065499.3828895
1563,1176257149.5206823
1564,1150457004.001385
1565,1172880034.2631788
1566,1159305382.3581688
1567,1289159885.3374896
1568,1253161712.5669076
1569,1294492404.0160403
1570,1242549984.851067
1571,1261207732.7381997
1572,1399571763.489649
1573,1414809854.0696416
1574,1320590698.2530785
1575,1385590117.1175687
1576,1367967484.0161133
1577,1410603479.4300923
1578,1376610599.634006
1579,1417127557.1899545
1580,1389104866.8335137
1581,1460080515.5329318
1582,1529293976.2645245
1583,1532714279.9627988
1584,1509476042.34735
1585,1638944394.900546
1586,1497223161.7342973
1587,1497601589.577877
1588,1656854649.493816
1589,1506324243.1667843
1590,1614196395.1756344
1591,1535242774.850017
1592,1512791401.4644077
1593,1530685542.093682
1594,1640889296.4674053
1595,1643354948.9813619
1596,1855896145.5654466
1597,1745545761.390945
1598,1840008299.0142632
1599,1818585855.8636775
1600,1760562279.5490713
1601,1804094800.9246767
1602,1696210261.0324411
1603,1624415238.8831837
1604,1665949097.799497
1605,1764027468.94188
1606,1733788552.462934
1607,1756415898.5877087
1608,1864644561.9274056
1609,1807733242.9768703
1610,1719977548.6636837
1611,1646022738.8109918
1612,1648350691.9583027
1613,1750593732.8054872
1614,1615194140.2989686
1615,1544741536.3887658
1616,1683556617.110606
1617,1654719400.1454327
1618,1724559014.025361
1619,1810039242.1350064
1620,1774715841.8697395
1621,1789584059.6610682
1622,1705867048.2156901
1623,1816860599.636174
1624,1915131701.4934006
1625,1845005318.5173838
1626,1823201692.0960515
1627,1879177402.3611345
1628,1847859838.9905887
1629,1975132816.533274
1630,1964938773.9167948
1631,1948361221.8541033
1632,1877046522.3220117
1633,1970470499.1521423
1634,1927793941.0193667
1635,1945076533.5367205
1636,2114360729.3549664
1637,2012282989.146806
1638,1885013258.348499
1639,2006654704.0062742
1640,1913626697.5715427
1641,1980732376.0312424
1642,1882130553.3698957
1643,1984895107.811297
1644,1934028990.5959148
1645,1784565833.5470927
1646,1927993607.897345
1647,1842972818.3038738
1648,1829421023.0913613
1649,1902823107.120823
1650,1913991865.6722734
1651,1915455533.1674232
1652,2041384919.4676945
1653,1839692778.7621098
1654,1912466134.8544796
1655,1994852929.5000236
1656,1846955259.0508173
1657,2068888110.3517222
1658,2029393352.5919807
1659,1897166885.9149995
1660,1970968521.289052
1661,1815549030.216471
1662,1808425883.219256
1663,1982233603.1814883
1664,1858144338.0657609
1665,1916223732.0900517
1666,2015657990.313108
1667,1936817230.2865553
1668,1915723782.8374896
1669,2083316313.1686735
1670,2233566321.008642
1671,2094146346.6097696
1672,2185188903.183724
1673,2110523460.998538
1674,2199172497.9372616
1675,1994019704.427046
1676,1902525201.4763596
1677,2004505016.7378924
1678,2049819760.7081308
1679,2081637492.792794
1680,2126845586.9780526
1681,2046390383.2018688
1682,2157538795.9806576
1683,2158368058.326952
1684,2116379797.0212014
1685,2174663782.968528
1686,2129302266.622499
1687,2038868903.5736806
1688,2113603993.3149967
1689,2045327690.9980872
1690,2117094796.3995645
1691,2174177714.720112
1692,2044341896.4485824
1693,2112325506.6044965
1694,2198343670.091885
1695,2141557927.4895241
1696,2160080576.885833
1697,1968764625.350777
1698,1980999540.3169146
1699,2142690262.5543582
1700,1873167798.4811563
1701,2005480780.2369292
1702,1985428204.6072176
1703,1930792850.3190398
1704,1976645103.6321273
1705,2049058993.4003248
1706,1919189908.4278188
1707,1948453430.18652
1708,1753419663.6775339
1709,1765880036.0744972
1710,1686317676.2104511
1711,1688070896.5387118
1712,1671472287.6956136
1713,1876166989.6606166
1714,1673661770.1102107
1715,1803783694.2154396
1716,1678234192.459909
1717,1722556147.8823416
1718,1844838679.8525217
1719,1902835234.4842465
1720,1807408918.207851
1721,1865772436.8807104
1722,1878952184.7288816
1723,1965027550.3630407
1724,1968996049.9172094
1725,1932349839.942766
1726,1827760637.2773197
1727,1984460608.1620128
1728,1970571451.503879
1729,1835719911.094717
1730,1783516873.2460017
1731,1839501767.2922251
1732,1826524404.3949068
1733,1810004678.3372955
1734,1680949784.5067642
1735,1965686317.284918
1736,1676797279.773549
1737,1736998589.5675104
1738,1868070961.7161257
1739,1754679606.9861958
1740,1807143406.7998447
1741,1777463019.7595193
1742,1890208388.2034032
1743,1867575761.2846224
1744,1956933922.8989398
1745,1868325772.9828758
1746,1782585097.978057
1747,1817950474.6323316
1748,1842834909.8860185
1749,1921354711.1420357
1750,1802282129.3475409
1751,1908857714.232874
1752,1910492315.7341475
1753,1848148447.483077
1754,1871856330.3199477
1755,1878989173.8225257
1756,1947247016.8405201
1757,1925364333.9234254
1758,2062833905.806718
1759,2057104363.3122444
1760,2054941288.612394
1761,1918995715.7131958
1762,1868789490.812288
1763,1950514651.4546847
1764,1858888470.0942016
1765,2040643282.006794
1766,1959673950.9060345
1767,1954433428.3873272
1768,1882167390.3761988
1769,1850567667.9257615
1770,2056979919.410686
1771,1965241887.762787
1772,1948362994.4836788
1773,1941511055.9760432
1774,1914715862.9945486
1775,1801309697.6746845
1776,2025273021.8892798
1777,1987972075.2427819
1778,1898565467.134859
1779,1904462294.9253771
1780,1818968692.0769768
1781,2075971931.6410775
1782,2044846426.061658
1783,2028631337.9055839
1784,2004826897.1951258
1785,1958047063.2973218
1786,1960264310.2173603
1787,2044100749.3252993
1788,2053007798.0590796
1789,2151988128.6335974
1790,2076030668.0174723
1791,2128741088.4593177
1792,2007676428.2641754
1793,2116030504.091462
1794,2137796433.8470054
1795,2091038377.3617723
1796,2062154943.148048
1797,2018789655.5349529
1798,2031251396.7785785
1799,1886748892.3711717
1800,1895556872.8104923
1801,1827056583.2925684
1802,1919975080.9515016
1803,1868184753.366348
1804,1944974626.092652
1805,1861334337.7523901
1806,1886295856.814512
1807,1902878913.2456565
1808,1822584868.78697
1809,2002799600.5713487
1810,1827961241.9802825
1811,1991633672.1317365
1812,2012583689.8843827
1813,1829280187.205439
1814,1859873158.1953006
1815,1768753108.9753299
1816,1765483865.0961683
1817,1725682752.4889507
1818,1719197016.2116282
1819,1718457535.0551267
1820,1691349003.2889893
1821,1701055789.3705475
1822,1762967306.4208767
1823,1726314084.064285
1824,1782012953.4499075
1825,1730883668.427344
1826,1631180746.690765
1827,1643435144.212271
1828,1631935542.1105492
1829,1721103293.1770275
1830,1481425574.1197782
1831,1591350267.009624
1832,1491247829.2667146
1833,1492478093.4667659
1834,1515308565.8145366
1835,1472785091.293306
1836,1519201098.3593402
1837,1511373442.24258
1838,1477679383.0269675
1839,1398984422.1238823
1840,1339206353.6072767
1841,1474795371.6074445
1842,1447829909.1169431
1843,1349179546.3594484
1844,1458685456.6292346
1845,1490163628.4471629
1846,1419449114.6558142
1847,1546651292.2620132
1848,1488587068.0003757
1849,1590677393.4135506
1850,1460446538.8700268
1851,1537406043.423637
1852,1532133734.3132837
1853,1591336127.0201824
1854,1484853630.1913545
1855,1641224113.0650854
1856,1531892489.6288784
1857,1543689131.7528312
1858,1510564405.7705905
1859,1839094860.9356585
1860,1766164682.3048582
1861,1622621203.009648
1862,1891094224.6084383
1863,1810794418.1484509
1864,1685347171.560834
1865,1668449726.247571
1866,1925710042.1591644
1867,1716897773.5552733
1868,1847495755.6994119
1869,1957485753.2748158
1870,1866881613.5650697
1871,1888862970.1870534
1872,1837104982.5381474
1873,1877781063.831075
1874,1865984786.567817
1875,2085157661.258643
1876,1903979470.4816024
1877,2074945303.6267145
1878,1871664551.8335636
1879,1872668781.93192
1880,1875010346.4347105
1881,1821344487.0549874
1882,1796022782.8510501
1883,1847484544.526347
1884,1682650617.9917045
1885,1823603559.1239903
1886,1651838482.177092
1887,1687841675.0787866
1888,1724047957.7935538
1889,1838095359.7707272
1890,1872625919.009292
1891,1841206255.864546
1892,1888887407.601676
1893,1886425439.9403913
1894,1980975116.692489
1895,2023137828.887742
1896,1941055418.699133
1897,1934120062.7642765
1898,1853205934.2713885
1899,1869924579.159084
1900,1813832962.6725202
1901,1802097077.0426803
1902,1746110247.1193645
1903,1633578912.0578501
1904,1676986055.735119
1905,1781809466.3017492
1906,1791513770.7160273
1907,1876580876.7123263
1908,1800381411.4574044
1909,1644913049.4303865
1910,1723872641.6962266
1911,1652298572.50328
1912,1707077618.734167
1913,1753420099.7585077
1914,1718650174.0251315
1915,1714237987.1629453
1916,1553071181.5553377
1917,1796353093.9021306
1918,1733149881.6603613
1919,1806077238.6025913
1920,1747827475.345945
1921,1657663798.3520868
1922,1639338706.3816948
1923,1778550837.859567
1924,1829396578.6067557
1925,1799203714.5319571
1926,1780612240.5539427
1927,1718602396.7452774
1928,1759133228.4180472
1929,1672422539.1212049
1930,1682991135.748281
1931,1650340987.2713902
1932,1599220374.7263327
1933,1677694008.0597432
1934,1605156641.20252
1935,1661518453.2206795
1936,1754716917.3805478
1937,1668333977.4907393
1938,1661742029.7549207
1939,1757407554.2440383
1940,1834228845.8905597
1941,1742113425.7652197
1942,1732785820.4680438
1943,1843395989.5420647
1944,1770932113.647828
1945,1861542701.7786689
1946,1823293900.8009186
1947,1789053425.9264083
1948,1857231277.925535
1949,1870430334.5814497
1950,1961037924.9399388
1951,1806431935.556014
1952,1763498725.9308655
1953,1844490628.506157
1954,1835968346.1827753
1955,1920524777.2503655
1956,1783326306.1588845
1957,1776394448.2226288
1958,1924044741.7473416
1959,1927912790.0605903
1960,1787995190.119023
1961,1839123285.2459137
1962,1837874112.756998
1963,1762165639.3726916
1964,1820403373.5613756
1965,1785710901.75238
1966,1798055456.7723527
1967,1749353336.3566883
1968,1709401927.9877753
1969,1742710205.2422063
1970,1687840052.9977746
1971,1705743721.3350713
1972,1790285236.150752
1973,1853799313.1078765
1974,1803457922.4329414
1975,1729627888.3983366
1976,1720444604.945469
1977,1708253282.2671041
1978,1804043459.9526176
1979,1955217554.4566402
1980,1688450690.2145395
1981,1821828089.764441
1982,1796011018.8540623
1983,1670844363.9465814
1984,1924508427.0074072
1985,1702496841.284789
1986,1671995360.9462051
1987,1715990683.5102575
1988,1723433442.7301292
1989,1775439626.3704295
1990,1725728183.1465375
1991,1703057668.5772612
1992,1778350126.3186724
1993,1803691138.4873734
1994,1756978668.5335865
1995,1766735950.134106
1996,1823977415.2905562
1997,1790597643.7408607
1998,1640822004.9486601
1999,1763313802.3971348
2000,1688351893.4529712
2001,1731706408.6120484
2002,1829761675.330681
2003,1748561270.5635011
2004,1850569359.7299755
2005,1766260966.085585
2006,1730027325.6427493
2007,1608142485.2756555
2008,1610425056.2362227
2009,1744251827.7745416
2010,1701574096.763718
2011,1689595196.6102936
2012,1559472427.7313685
2013,1648376834.9819155
2014,1719096470.8067355
2015,1545937181.5034316
2016,1563760987.8868406
2017,1563645008.1279614
2018,1581859675.1589606
2019,1569868720.7346187
2020,1531866537.2822778
2021,1494313142.322178
2022,1557565410.0204632
2023,1447316133.786953
2024,1333186605.7268145
2025,1651666138.3375282
2026,1531568258.7058012
2027,1588813732.791243
2028,1672359587.6007912
2029,1404551193.6730692
2030,1647094341.285716
2031,1754515151.1920457
2032,1749153115.4787529
2033,1633687500.2420835
2034,1584910378.739172
2035,1726823574.274566
2036,1732549830.8610113
2037,1639700599.2798598
2038,1691270633.0089397
2039,1734814177.2394066
2040,1634130403.5412796
2041,1734413211.2541382
2042,1699077825.160976
2043,1628725541.1943133
2044,1760838287.389922
2045,1783041027.5505269
2046,1891947712.6706765
2047,1767127524.2359805
2048,1691199299.3561869
2049,1667038293.554795
2050,1583951850.9639397
2051,1519927961.009088
2052,1587715022.6231194
2053,1566678008.5342562
2054,1546430376.5071487
2055,1741863133.206834
2056,1599519724.983357
2057,1526933711.5879366
2058,1614031876.4790194
2059,1560658551.9175017
2060,1525613714.4141295
2061,1685374408.9846644
2062,1588150374.6884081
2063,1553913128.5917814
2064,1620357230.1870549
2065,1684156953.5430663
2066,1782754846.399987
2067,1811229703.1521714
2068,1702470861.023118
2069,1814108627.6895437
2070,1809127853.5293584
2071,1956409523.1868775
2072,1836986647.411495
2073,1704440296.026303
2074,1877688609.9011996
2075,1771424843.355902
2076,1838749551.8723166
2077,1849031473.0114603
2078,1786206496.923636
2079,1723027578.6017375
2080,1735892927.4053574
2081,1618422254.194343
2082,1604474657.2443864
2083,1565384300.376728
2084,1452050409.5886219
2085,1500206011.3574433
2086,1569993071.5349598
2087,1607117410.4484158
2088,1747495884.2092075
2089,1504742558.2450938
2090,1635345449.0943034
2091,1648708015.655619
2092,1526007503.5818167
2093,1612706041.8346288
2094,1627243740.2389257
2095,1555846482.3245053
2096,1448360166.409631
2097,1485149129.865224
2098,1420003289.8726404
2099,1514473133.510714
2100,1555321130.2455435
2101,1595772452.0671258
2102,1635961561.9576912
2103,1548254601.108256
2104,1491198470.2666235
2105,1575649290.0444477
2106,1595085203.8687859
2107,1561058627.8908803
2108,1668328767.4898565
2109,1667604155.5034773
2110,1589621299.9942627
2111,1642004987.6457691
2112,1739179876.1509185
2113,1705299006.5616617
2114,1768054229.8702939
2115,1730879985.1087468
2116,1576784360.5249314
2117,1669835802.4230711
2118,1749674403.1603162
2119,1667787138.5732293
2120,1739924996.767056
2121,1644991182.3127298
2122,1767734730.4325807
2123,1705360982.478839
2124,1733849389.2190487
2125,1655028638.3812273
2126,1754613828.0172737
2127,1734450197.9846218
2128,1691098839.8168015
2129,1715225199.096091
2130,1616979983.5803688
2131,1768900007.3671026
2132,1622029896.8358037
2133,1639097117.5084968
2134,1587473782.1120622
2135,1460437157.1908643
2136,1383673580.6373258
2137,1442828273.8874776
2138,1562654468.7255623
2139,1296822350.015191
2140,1418211635.9766161
2141,1396523047.0692616
2142,1332438304.0901423
2143,1400098677.149754
2144,1472408003.9483662
2145,1499877545.276627
2146,1471892342.9669967
2147,1601079461.6825309
2148,1635099552.836177
2149,1455051232.2783442
2150,1428217394.995156
2151,1524298784.8969517
2152,1441924719.3922694
2153,1425135727.3227255
2154,1569195313.412681
2155,1458916620.1381373
2156,1540424010.2307732
2157,1492375320.6869452
2158,1583638491.9653437
2159,1512599009.9337862
2160,1432347665.0834599
2161,1388263519.658722
2162,1415939441.2610662
2163,1390348832.2952156
2164,1437191512.4644094
2165,1501382598.2861478
2166,1482366782.4360387
2167,1572998001.6535742
2168,1671743444.4235198
2169,1570215801.1219418
2170,1648747768.774329
2171,1721864742.1030438
2172,1788273864.0287018
2173,1857234499.0965092
2174,1553549218.5291774
2175,1664587434.3938823
2176,1597360580.3280463
2177,1546753527.7673812
2178,1709523220.7290285
2179,1597175455.0192604
2180,1668028420.8254862
2181,1601079698.7322235
2182,1706158071.2422252
2183,1689810768.9538236
2184,1635923014.2881675
2185,1648051580.310466
2186,1644737756.764246
2187,1605762083.127476
2188,1782250155.943489
2189,1776231240.661822
2190,1695768722.5936077
2191,1558532180.470919
2192,1648497512.2552524
2193,1683763709.7511709
2194,1604157709.2650275
2195,1776354290.5422492
2196,1827338135.362221
2197,1774840295.6365843
2198,1702643145.350239
2199,1781721341.8896956
2200,1740914542.6353772
2201,1666356237.5831242
2202,1764283722.879726
2203,1721948697.5420053
2204,1714434284.2691665
2205,1740410883.7119105
2206,1797302268.7955196
2207,1778354716.4147954
2208,1941755430.319772
2209,1671016826.1909091
2210,1730747714.336013
2211,1725554699.553083
2212,1794434367.7505946
2213,1727696832.1027436
2214,1742996451.047881
2215,1738916222.7473547
2216,1877178378.3221416
2217,1779490648.7738266
2218,1712635314.0133963
2219,1911305007.0952625
2220,1771371825.6504476
2221,1826234920.9953222
2222,1894593281.4038363
2223,1880555263.3407927
2224,1855367125.531666
2225,1848623206.054345
2226,2019262589.4355948
2227,1854336522.0164857
2228,1920488137.144742
2229,2048947833.379711
2230,1837338226.3266027
2231,1873447845.5798602
2232,1749899646.9616792
2233,1629643673.0383284
2234,1584327047.370738
2235,1681169172.7181346
2236,1756776188.6692266
2237,1734983688.3312473
2238,1721513397.9038978
2239,1735055807.0506206
2240,1790762368.09859
2241,1726138720.25796
2242,1719386949.1275988
2243,1743062000.3116562
2244,1692192841.5525706
2245,1659855204.276645
2246,1549779121.527072
2247,1576100434.4648092
2248,1607667809.9607227
2249,1611039742.935976
2250,1655434655.4899478
2251,1557465909.7053218
2252,1641426311.4390233
2253,1529975995.6496396
2254,1454219532.064877
2255,1558513002.343941
2256,1589195583.3927
2257,1593079560.5590663
2258,1594341329.1727898
2259,1719094274.966187
2260,1678880909.3973114
2261,1699536648.5513468
2262,1594000000.952147
2263,1737321528.9016588
2264,1741964284.2441347
2265,1865549971.5158148
2266,1646174630.1841555
2267,1896011753.769062
2268,1867363177.1927092
2269,1791433044.0804493
2270,1727928264.2775052
2271,1552263133.4207559
2272,1551985471.2724905
2273,1694228111.9367025
2274,1649729907.250091
2275,1588737433.3271265
2276,1748065340.9894297
2277,1599331201.5737247
2278,1745632860.9959638
2279,1726548681.6158102
2280,1628220279.6898735
2281,1644085718.8755894
2282,1779465999.2406237
2283,1882106739.2445142
2284,1891668760.754592
2285,1946011850.702974
2286,1861568268.7980664
2287,1883193580.9350832
2288,1998283241.0919447
2289,1983261293.0165474
2290,1980898131.7293124
2291,1922688912.683922
2292,1924160733.9942827
2293,1956592052.3271604
2294,1908071696.4717195
2295,1816006383.7234616
2296,1881979244.4791331
2297,2084544997.2133863
2298,2034565132.243519
2299,1849401838.8938847
2300,1927358340.0172665
2301,1767750091.0187867
2302,1877839040.940011
2303,1682638049.6155233
2304,1834398364.0458286
2305,1729553346.9670908
2306,1751858450.051883
2307,1689673373.6207857
2308,1772614393.6079383
2309,1703983073.05016
2310,1894279535.853336
2311,1804906361.024818
2312,1742737979.6929872
2313,1619670379.8144917
2314,1818147426.2556815
2315,1830655699.6850486
2316,1872764321.5476694
2317,1958948106.848857
2318,1877073189.571706
2319,1891857121.5966725
2320,1976449399.493364
2321,1932201364.2352896
2322,1946138550.8627245
2323,1822390500.7745905
2324,1874423630.7778823
2325,1913624516.9308155
2326,1876143425.0056343
2327,1849682832.920684
2328,1880776448.4554243
2329,1801527949.319891
2330,1761712134.5613954
2331,1696563311.413042
2332,1806126410.8675904
2333,1793192125.2282467
2334,1687841170.8553333
2335,1730137093.7215636
2336,1609255669.99944
2337,1708752049.4060555
2338,1819195724.6816854
2339,1672698935.6590545
2340,1738572959.3364751
2341,1773452266.4904914
2342,1732416547.4486356
2343,1643836933.138427
2344,1774219071.5172012
2345,1793572631.8121686
2346,1754369660.472014
2347,1706000365.9938354
2348,1905878423.8137262
2349,1844232778.5729783
2350,1747660438.4901185
2351,1631574551.4773843
2352,1475235402.8798919
2353,1684126056.2353606
2354,1673544514.6379228
2355,1629307923.584759
2356,1685855024.8314898
2357,1733350889.8113492
2358,1648451391.414856
2359,1968181172.8161275
2360,1942091831.0915706
2361,1835529090.152448
2362,1822331375.8220816
2363,1960932291.5811124
2364,1704398828.6707072
2365,1743344422.6165955
2366,1831992174.3275933
2367,1707375683.796547
2368,1833348254.818923
2369,1821727591.9860427
2370,2050316734.2003727
2371,1808500463.5396755
2372,1704054466.718124
2373,1846035364.088851
2374,1757104530.3950858
2375,1834952721.681041
2376,1907036737.7179394
2377,2010427483.0081563
2378,2026548660.551309
2379,2034540183.316655
2380,1888885100.1434913
2381,1924186120.3641112
2382,1960804482.0833447
2383,1949136154.3560185
2384,2070509114.7028973
2385,2016229007.9178693
2386,1908075670.0771737
2387,2019573856.6708393
2388,2102610324.431477
2389,2071481426.2426887
2390,2087526161.898961
2391,1987495171.600894
2392,1918489418.837702
2393,2039403557.5772314
2394,2114351922.8939629
2395,2186080289.9095554
2396,2210388609.0777235
2397,2052603184.3405476
2398,2314919339.0870442
2399,2381221490.557906
2400,2240931588.947899
2401,2117929717.3147373
2402,2097662089.780879
2403,2116716309.829733
2404,2115750191.444522
2405,2259743801.3765106
2406,2150662292.0319386
2407,2068566940.8960605
2408,1784411630.0899317
2409,1935075324.9046018
2410,1973448835.2320163
2411,1986652854.9195728
2412,2036017501.7042055
2413,2024234498.1554346
2414,2052371968.3976471
2415,1988711966.4732068
2416,1916563036.2497847
2417,1917636623.5360694
2418,1847155875.1815612
2419,1796167434.3297138
2420,1869723907.9912574
2421,1719477731.479813
2422,1571059093.8197768
2423,1541835316.613931
2424,1529404587.4483612
2425,1651616165.0040538
2426,1594988434.742336
2427,1611621378.5663812
2428,1592383829.2547681
2429,1557596167.6414866
2430,1567637962.7338147
2431,1705822548.8706748
2432,1967507789.452033
2433,1490815008.7374537
2434,1758242061.0358238
2435,1765777173.6819649
2436,1679145612.509241
2437,1739254252.0026226
2438,1682535996.799623
2439,1676627397.5080278
2440,1796958612.441984
2441,1802697143.864256
2442,1715452282.5145602
2443,1684674834.9943256
2444,1576456323.7963543
2445,1784430350.1128185
2446,1909620938.6290045
2447,1895759774.580429
2448,1958714239.9406807
2449,1903193288.5409255
2450,1882147648.5859299
2451,2035362642.4257102
2452,1918162669.56821
2453,1928003386.8821192
2454,1951491466.555246
2455,1919447263.7644293
2456,1958718561.9751363
2457,1939021549.725556
2458,2099247930.246611
2459,1997909150.3441033
2460,2053926479.6744788
2461,1974708112.6158032
2462,2099275848.0244644
2463,1999191404.3201056
2464,1989929274.554955
2465,1857022878.8892167
2466,1905547972.9192631
2467,1865683850.203775
2468,1817071301.5242863
2469,1786976427.6922457
2470,1828992711.416415
2471,1891958301.9580333
2472,1962217492.916522
2473,1922007977.3294322
2474,1952560765.7587104
2475,2038691130.1762118
2476,2076425966.2581935
2477,2091941867.157063
2478,1947712067.7392569
2479,1853170855.4394393
2480,1864590753.4853408
2481,1648426117.844857
2482,1820269019.4690554
2483,1724357448.1634035
2484,1837767892.1160772
2485,1774525498.6329885
2486,1865481860.0842378
2487,1888234628.8201687
2488,1945356990.9859636
2489,1898942249.9874282
2490,1840936313.8919518
2491,1996832070.818871
2492,1885662422.650723
2493,1856072169.0069575
2494,2091170538.205509
2495,2076751233.7565267
2496,2234178590.6602073
2497,2075284538.1549006
2498,1932925697.4808939
2499,2036730349.8885543
2500,2207398341.3042073
2501,2079885591.0030646
2502,2188648498.230231
2503,2110609909.2468061
2504,2013700375.3310325
2505,2037987520.4447627
2506,2082366908.916423
2507,2215137037.5817456
2508,2061224736.757525
2509,1942888581.1569285
2510,2005885787.8558784
2511,1996519203.7812128
2512,1868027307.959618
2513,1845368202.143548
2514,1897965823.7147188
2515,1701521406.5725017
2516,1830996426.078367
2517,1861842964.4698007
2518,1865055919.356135
2519,1751723230.9442108
2520,1851214523.366262
2521,1833655552.0812967
2522,1795247719.6112137
2523,1780434858.7035828
2524,1751146148.1316059
2525,1701535067.7852426
2526,1772171417.033151
2527,1811876380.3272898
2528,1729796341.3292913
2529,1677910127.8934927
2530,1608545197.1789117
2531,1749900704.053033
2532,1683562573.4923909
2533,1736686101.9682817
2534,1652526548.587009
2535,1680720750.5863352
2536,1658444566.9980876
2537,1743812304.202592
2538,1739416093.0323868
2539,1657492333.0924132
2540,1819552800.1194983
2541,1692149422.1233919
2542,1679840091.6249979
2543,1527449535.6532774
2544,1511801516.5275252
2545,1614206774.0986366
2546,1651002748.8281121
2547,1562588996.9199898
2548,1620235082.2099392
2549,1434089711.8919933
2550,1348055132.1258032
2551,1362108494.078739
2552,1446657741.324774
2553,1385391320.4520295
2554,1315893670.2455244
2555,1263147272.2591498
2556,1314223138.4001324
2557,1342114775.6518404
2558,1322314789.1929176
2559,1396885707.5837016
2560,1462712905.8238955
2561,1467200569.8704853
2562,1429368023.1816835
2563,1449898604.3581517
2564,1207736971.2961051
2565,1309644526.6158419
2566,1107871445.7760682
2567,1210062172.005785
2568,1316029694.2097301
2569,1283935072.0507646
2570,1388991296.6652505
2571,1218557910.8035429
2572,1239411330.9428663
2573,1248609975.7860632
2574,1280083008.3251748
2575,1315714480.1056025
2576,1263792778.605076
2577,1258071839.8236084
2578,1273421103.4476516
2579,1375961201.0397441
2580,1275705220.0378516
2581,1498578136.265006
2582,1407461364.217953
2583,1561986837.9584017
2584,1419308863.674207
2585,1469821526.9585712
2586,1525897792.0648096
2587,1556770149.56059
2588,1465306104.008126
2589,1484101857.734687
2590,1603143808.2648616
2591,1484717802.7819047
2592,1542818606.5325072
2593,1599984517.971484
2594,1757877201.7550936
2595,1601860637.069268
2596,1505812568.4683084
2597,1631746439.9852886
2598,1589569855.0652437
2599,1494886085.5732138
2600,1492901169.3348362
2601,1475188506.6341596
2602,1441465151.7144191
2603,1519877859.290195
2604,1559944316.582936
2605,1549801060.7590647
2606,1385006798.7875047
2607,1602919875.796584
2608,1642334356.1593618
2609,1679565880.8771837
2610,1460523493.5623863
2611,1508918883.806466
2612,1428139809.8183312
2613,1579135179.9076931
2614,1542111441.021558
2615,1448295293.5843666
2616,1336771191.8363457
2617,1617097380.780779
2618,1570134208.5963516
2619,1660074685.4384856
2620,1536528588.4718516
2621,1535901352.2155511
2622,1552943806.6180413
2623,1676484173.3087533
2624,1467353595.5050204
2625,1455745934.488655
2626,1588916554.060429
2627,1590276886.056939
2628,1605211952.5597365
2629,1532903822.5580592
2630,1672808147.3858242
2631,1618271788.0644505
2632,1624790347.8433325
2633,1565371681.3807404
2634,1698223485.4868417
2635,1567424490.8080797
2636,1527475846.3962328
2637,1496990576.328564
2638,1418268913.1556194
2639,1346575951.8682618
2640,1286021139.152282
2641,1303159699.4126744
2642,1289480997.4725802
2643,1593112684.242773
2644,1446495460.0666485
2645,1334517242.876217
2646,1302745578.1122932
2647,1424313104.8186972
2648,1360655989.879819
2649,1398091312.7921863
2650,1371019640.7404356
2651,1310049343.9326937
2652,1280487115.176647
2653,1290754231.0696542
2654,1348675302.4264748
2655,1371512366.4553268
2656,1398272535.9552963
2657,1467145143.53432
2658,1458919777.697302
2659,1360050703.128103
2660,1507695400.1902666
2661,1643096773.7924645
2662,1480210891.5276825
2663,1610428353.592115
2664,1561096004.0618086
2665,1748190541.9259984
2666,1646771567.6340146
2667,1732984094.6000793
2668,1662282004.1899338
2669,1507212873.8517478
2670,1565782667.6657138
2671,1636714859.1540794
2672,1631596133.0734568
2673,1553381947.0576205
2674,1585551123.0446692
2675,1518455811.9984257
2676,1528000723.8110907
2677,1600335756.6698747
2678,1539905943.8982449
2679,1508590592.3503044
2680,1598503432.9015083
2681,1510489747.495103
2682,1379328300.5445905
2683,1393944338.2180417
2684,1586770400.026759
2685,1619492388.832866
2686,1579692347.7046344
2687,1443728405.9104583
2688,1424127011.1602972
2689,1558200546.3098292
2690,1617225707.0601118
2691,1599088050.6789646
2692,1645871452.1247616
2693,1472515432.8976512
2694,1438456168.2085273
2695,1468108649.3921695
2696,1616426646.1757715
2697,1567031141.7326376
2698,1595589049.3981752
2699,1425841093.4291198
2700,1580396050.4696794
2701,1633678669.6254153
2702,1528306509.4880044
2703,1566089230.3731327
2704,1594261550.6795633
2705,1482853686.484822
2706,1615330784.142704
2707,1482477556.9071286
2708,1632800427.9035735
2709,1645768572.226344
2710,1643512297.149855
2711,1543594623.0790918
2712,1506886514.596799
2713,1611936800.121363
2714,1468625304.9222977
2715,1384152618.5301247
2716,1458825945.814452
2717,1454319640.8323705
2718,1495735546.2520936
2719,1517422712.0547082
2720,1491577401.2832954
2721,1499251607.0586247
2722,1485961118.002556
2723,1680928996.8436034
2724,1723258053.87638
2725,1710825448.4300885
2726,1649657395.6185071
2727,1663507396.4981844
2728,1715297087.9444165
2729,1833976323.6871343
2730,1744257390.4594784
2731,1869113110.4624617
2732,1780770586.8398252
2733,1788344701.870306
2734,1853245765.6878357
2735,1799050690.2065156
2736,1809856897.4276917
2737,1887881822.8108313
2738,1934084664.0504897
2739,2069864156.485093
2740,1934081760.9380693
2741,2139414556.3869617
2742,2146296621.9775565
2743,2097681799.3599212
2744,2167859024.046051
2745,1970073870.0835752
2746,2091383920.6809704
2747,2165127453.8944235
2748,2112911292.4956522
2749,2089923890.8586552
2750,2187669738.87511
2751,2103096430.426279
2752,2189484081.418095
2753,2129703201.5256557
2754,2142882112.1639376
2755,2088194158.6406155
2756,2151322147.0088825
2757,2094178714.7575014
2758,2081343641.983705
2759,2150256572.7762413
2760,2087550449.0897224
2761,2195601648.561783
2762,2244629080.3701973
2763,2149959204.1302667
2764,2134620343.45422
2765,2065785724.2078915
2766,2075172310.4464962
2767,2006812426.1222727
2768,1924465323.035522
2769,1808789846.4322703
2770,1856209526.2342234
2771,1840500204.6020281
2772,1890136601.758582
2773,1915829275.101398
2774,1926807253.15318
2775,1871386161.607528
2776,1947570117.132897
2777,1648126870.1801722
2778,1802927541.7643006
2779,1781698501.7625802
2780,1825440423.7215853
2781,1828333993.5231946
2782,1861014172.5121777
2783,1667628234.1841323
2784,1779706379.5006921
2785,1798914184.5951204
2786,1757056844.0735471
2787,1907831121.4304557
2788,1816942288.560918
2789,1939241184.346432
2790,1962196275.9388962
2791,1907019985.6958165
2792,1859112370.8766837
2793,1809618320.4196649
2794,1828962141.5015132
2795,1734229123.101009
2796,1864584149.2045531
2797,1806463197.73626
2798,1881642114.864605
2799,1922893802.4669063
2800,1889377058.1739953
2801,1773306632.4183636
2802,1925168418.6126466
2803,2046531687.99876
2804,1817395638.1587121
2805,1830929065.6835406
2806,1647676956.3094194
2807,1925290966.5452223
2808,1811177201.491692
2809,1834501440.9439154
2810,1824958718.0354462
2811,1889332746.8259087
2812,1869180403.2456796
2813,1751001882.0786457
2814,1772991724.1012745
2815,1690775639.363669
2816,1692305395.645937
2817,1715258975.102073
2818,1726411764.9791164
2819,1759402115.191811
2820,1783270734.0929527
2821,1730562268.3109455
2822,1691239090.8746922
2823,1701943458.4792514
2824,1669542256.491873
2825,1655641289.253111
2826,1683809810.1636472
2827,1673834791.6237092
2828,1695584093.9895492
2829,1577192605.5421543
2830,1647660475.3891792
2831,1635273652.039509
2832,1698072113.7248862
2833,1656299201.8224838
2834,1633018058.0785747
2835,1707102451.1402075
2836,1736569211.7498574
2837,1626224932.6127267
2838,1700069734.4912457
2839,1654054218.8910723
2840,1613664773.101601
2841,1694852037.4304652
2842,1681164605.9120028
2843,1757468235.0552955
2844,1713020553.9293256
2845,1674400449.261171
2846,1846829405.3570433
2847,1773877842.4201496
2848,1741003028.5127017
2849,1571816884.2308857
2850,1593577984.0744274
2851,1711039474.5617976
2852,1491151480.6912994
2853,1714191459.7113864
2854,1691383732.684021
2855,1618432589.0864131
2856,1786462181.9610767
2857,1616174359.8210108
2858,1741272896.8166642
2859,1687220145.3958871
2860,1712953058.7015073
2861,1629965259.392516
2862,1748703124.9463122
2863,1684401628.410143
2864,1583661986.6627505
2865,1807427594.7793517
2866,1761104176.2582364
2867,1753807751.109482
2868,1772112993.345508
2869,1770635274.7135086
2870,1599902925.8204942
2871,1743841824.8817103
2872,1704435270.670475
2873,1686901852.2590542
2874,1713238434.785738
2875,1738966384.4940932
2876,1646708726.9150298
2877,1767315008.0723572
2878,1662090101.8002996
2879,1666935281.866636
2880,1684285103.1714964
2881,1707135700.7696126
2882,1682822165.3617578
2883,1725244055.97437
2884,1754414849.4022055
2885,1760169701.2538035
2886,1826131230.2192912
2887,1754524240.025189
2888,1685076547.1435363
2889,1655131997.386684
2890,1611840797.2848635
2891,1743133146.5884879
2892,1556505810.9457588
2893,1590005656.5581686
2894,1569110212.980473
2895,1669110025.6068969
2896,1627379640.099053
2897,1578640164.5223734
2898,1768751099.342483
2899,1771481071.9861991
2900,1680617208.7347558
2901,1653733075.53656
2902,1613190575.3737218
2903,1549188794.7715719
2904,1534032709.925901
2905,1470001637.8237681
2906,1369866101.6859336
2907,1381698976.4490128
2908,1234397063.6474817
2909,1272007111.4062629
2910,1346082250.7695806
2911,1282041076.2799747
2912,1137925630.4228146
2913,1051925767.7134
2914,1204247782.444669
2915,1176930445.1522408
2916,1044346366.0221658
2917,1060859564.1436405
2918,1035240239.5268412
2919,1082619737.9963655
2920,918346709.3938967
2921,874185834.6473635
2922,909589650.724323
2923,879404327.8368833
2924,829834486.547969
2925,820963658.201738
2926,810643887.6970421
2927,756513908.0160606
2928,717259703.0472364
2929,723108473.0943571
2930,782604961.242967
2931,683072278.5446798
2932,720634781.4881388
2933,676719111.0030171
2934,691720464.126968
2935,682709970.3438306
2936,666769071.6784234
2937,591854380.95885
2938,524851963.1194859
2939,525126931.6154728
2940,472592230.7798293
2941,358253049.82352877
2942,320171002.6651989
2943,349536347.6319829
2944,426593743.0387434
2945,354697170.47039557
2946,369947068.7704778
2947,367708984.8391025
2948,317914538.14396983
2949,336820749.35182625
2950,310549411.2268924
2951,308766352.9969993
2952,386503733.4922285
2953,305984631.8067083
2954,297086339.98945194
2955,269070782.435754
2956,294576525.1878267
2957,274041550.05273694
2958,226206075.04275572
2959,229801241.16490564
2960,200370478.9740079
2961,203467474.9151275
2962,199930969.67999658
2963,203901549.0236675
2964,200998603.6878165
2965,264246808.6616766
2966,197324912.28618369
2967,198072841.76866752
2968,201332694.24688473
2969,198982560.14525095
2970,202923574.27200118
2971,204257046.42966855
2972,208302195.83769885
2973,203011648.30367193
2974,203369639.28788686
2975,204355926.26236755
2976,202265788.1930609
2977,196895932.7625331
2978,199604595.35548267
2979,196433953.134683
2980,198506997.31566203
2981,203778699.50441274
2982,200511437.48128277
2983,198712188.15327856
2984,200761266.5108898
2985,200477821.97509918
2986,198986579.68030635
2987,204716107.36602208
2988,202300051.95311424
2989,279975066.9804786
2990,202031963.6335662
2991,205770508.00771812
2992,199162290.86703923
2993,201500579.9305764
2994,199967007.19147584
2995,204606737.5802954
2996,199122292.466732
2997,203618608.65326554
2998,291728077.264757
2999,200593037.12157634
